sector,Financials,Technology,Energy,Healthcare,Consumer Discretionary,Consumer Staples,Industrials,Materials,Communications,Real Estate,Utilities
Financials,1.000000,0.692390,0.520610,0.558183,0.749625,0.389181,0.805695,0.704485,0.762209,0.623683,0.421528
Technology,0.692390,1.000000,0.451942,0.397967,0.785589,0.124958,0.791969,0.617905,0.754588,0.436625,0.363604
Energy,0.520610,0.451942,1.000000,0.338884,0.471977,0.319819,0.563316,0.603981,0.460531,0.477332,0.349197
Healthcare,0.558183,0.397967,0.338884,1.000000,0.475452,0.517843,0.565793,0.625296,0.473842,0.600974,0.408327
Consumer Discretionary,0.749625,0.785589,0.471977,0.475452,1.000000,0.335087,0.785682,0.715776,0.799341,0.559783,0.376324
Consumer Staples,0.389181,0.124958,0.319819,0.517843,0.335087,1.000000,0.411102,0.571089,0.322704,0.633619,0.533444
Industrials,0.805695,0.791969,0.563316,0.565793,0.785682,0.411102,1.000000,0.809228,0.750074,0.655753,0.515848
Materials,0.704485,0.617905,0.603981,0.625296,0.715776,0.571089,0.809228,1.000000,0.640032,0.707540,0.507486
Communications,0.762209,0.754588,0.460531,0.473842,0.799341,0.322704,0.750074,0.640032,1.000000,0.576060,0.409035
Real Estate,0.623683,0.436625,0.477332,0.600974,0.559783,0.633619,0.655753,0.707540,0.576060,1.000000,0.656642
Utilities,0.421528,0.363604,0.349197,0.408327,0.376324,0.533444,0.515848,0.507486,0.409035,0.656642,1.000000
